BANCO;ORG�O;TABELA BANCO;CODIGO TABELA STORM;OPERA��O STORM;TAXA STORM
FACTA FINANCEIRA;CR�DITO DO TRABALHADOR;61700 - CLT NOVO GOLD PN-S;61700;Margem Livre (Novo);0,00%
FACTA FINANCEIRA;CR�DITO DO TRABALHADOR;60763 - CLT NOVO GOLD PN-S;60763;Margem Livre (Novo);0,00%
FACTA FINANCEIRA;CR�DITO DO TRABALHADOR;60690 - CLT NOVO GOLD PN-S;60690;Margem Livre (Novo);0,00%
FACTA FINANCEIRA;FGTS;60119 - FGTS GOLD POWER RB;60119;Margem Livre (Novo);0,00%
FACTA FINANCEIRA;INSS;49000 - INSS CART�O BENEF�CIO SAQUE COMPLEMENTAR RB;49000;Saque Complementar C/ Cart�o;0,00%
FACTA FINANCEIRA;INSS;60283 - INSS NOVO GOLD EXCLUSIVE PN-S;60283;Margem Livre (Novo);0,00%
FACTA FINANCEIRA;FGTS;63703 - FGTS GOLD FLEX FIDELIZA RB;63703;Margem Livre (Novo);0,00%
FACTA FINANCEIRA;INSS;56600 - INSS PORT CIP FLEX 4 PN-S;56600;Portabilidade;0,00%
FACTA FINANCEIRA;INSS;59358 - INSS CIP REFIN GOLD FLEX 2 PN-S;59358;Refinanciamento da Portabilidade;0,00%
FACTA FINANCEIRA;FGTS;57886 - FGTS LIGHT RB;57886;Margem Livre (Novo);0,00%
FACTA FINANCEIRA;FGTS;60151 - FGTS GOLD PLUS RB;60151;Margem Livre (Novo);0,00%
FACTA FINANCEIRA;FGTS;53694 - FGTS GOLD PRIME RB;53694;Margem Livre (Novo);0,00%
FACTA FINANCEIRA;FGTS;60127 - FGTS GOLD MEGA POWER RB;60127;Margem Livre (Novo);0,00%
FACTA FINANCEIRA;FGTS;60135 - FGTS GOLD TITANIUM RB;60135;Margem Livre (Novo);0,00%
AMIGOZ;INSS;TOTAL CASH - INSS - Cart�o Benef�cio LOAS (Cart�o com Saque);TCCBLOAS;Cart�o C/ Saque;2,46%
AMIGOZ;INSS;TOTAL CASH - INSS - Cart�o Benef�cio (Cart�o com Saque);TCCARTBEN;Cart�o C/ Saque;2,46%
AMIGOZ;INSS;TOTAL CASH - INSS - Cart�o Consignado (Cart�o com Saque);TCRMC;Cart�o C/ Saque;2,46%
AMIGOZ;INSS;TOTAL CASH - INSS - Cart�o Consignado - Invalidez (Cart�o com Saque);TCRMCINVALID;Cart�o C/ Saque;2,46%
AMIGOZ;INSS;TOTAL CASH - INSS - Cart�o Benef�cio Invalidez (Cart�o com Saque);TCCARTBENINVAL;Cart�o C/ Saque;2,46%
BANCO C6 BANK;FGTS;610001 - FGTS NORMAL WEB;610001;Margem Livre (Novo);1,80%
BANCO C6 BANK;CR�DITO DO TRABALHADOR;800009 - Trabalhador - ML Normal - 12 (priv);800009;Margem Livre (Novo);3,51%
BANCO C6 BANK;CR�DITO DO TRABALHADOR;800008 - Trabalhador - ML Normal - 6 (priv);800008;Margem Livre (Novo);6,00%
BANCO C6 BANK;CR�DITO DO TRABALHADOR;800015 - Trabalhador Sem Seguro;800015;Margem Livre (Novo);4,90%
BANCO C6 BANK;CR�DITO DO TRABALHADOR;800017 - Trabalhador Seguro 4 Parcela;800017;Margem Livre (Novo);3,68%
BANCO C6 BANK;CR�DITO DO TRABALHADOR;800015 - Trabalhador Sem Seguro;800015;Margem Livre (Novo);6,50%
BANCO C6 BANK;CR�DITO DO TRABALHADOR;800016 - Trabalhador Seguro 2 Parcela;800016;Margem Livre (Novo);4,80%
BANCO C6 BANK;CR�DITO DO TRABALHADOR;800017 - Trabalhador Seguro 4 Parcela;800017;Margem Livre (Novo);6,00%
BANCO C6 BANK;CR�DITO DO TRABALHADOR;800017 - Trabalhador Seguro 4 Parcela;800017;Margem Livre (Novo);6,20%
BANCO C6 BANK;CR�DITO DO TRABALHADOR;800017 - Trabalhador Seguro 4 Parcela;800017;Margem Livre (Novo);5,06%
BANCO C6 BANK;CR�DITO DO TRABALHADOR;800017 - Trabalhador Seguro 4 Parcela;800017;Margem Livre (Novo);5,90%
BANCO C6 BANK;CR�DITO DO TRABALHADOR;800017 - Trabalhador Seguro 4 Parcela;800017;Margem Livre (Novo);4,70%
BANCO C6 BANK;CR�DITO DO TRABALHADOR;800017 - Trabalhador Seguro 4 Parcela;800017;Margem Livre (Novo);5,60%
BANCO C6 BANK;CR�DITO DO TRABALHADOR;800017 - Trabalhador Seguro 4 Parcela;800017;Margem Livre (Novo);2,44%
BANCO C6 BANK;CR�DITO DO TRABALHADOR;800017 - Trabalhador Seguro 4 Parcela;800017;Margem Livre (Novo);2,90%
BANCO C6 BANK;CR�DITO DO TRABALHADOR;800017 - Trabalhador Seguro 4 Parcela;800017;Margem Livre (Novo);3,47%
BANCO C6 BANK;INSS;210148 - INSS ML Normal - Web (Pacot. Benef.);210148;Margem Livre (Novo);1,80%
BANCO C6 BANK;INSS;210149 - INSS ML Normal - Web LOAS 88 (PCT BNF);210149;Margem Livre (Novo);1,80%
BANCO C6 BANK;INSS;210151 - INSS ML Normal - Web RL (PCT BNF);210151;Margem Livre (Novo);1,80%
BANCO C6 BANK;INSS;230015 - INSS Port Tx1,800 ~ 1,65 Normal - Web;230015;Refinanciamento da Portabilidade;1,70%
BANCO C6 BANK;INSS;220047 - INSS Refin 1 - Web(PCT BNF);220047;Refinanciamento;1,80%
BANCO C6 BANK;INSS;230015 - INSS Port Tx1,800 ~ 1,65 Normal - Web;230015;Refinanciamento da Portabilidade;1,80%
BANCO C6 BANK;INSS;250107 - INSS Refin 1 - Web;250107;Refinanciamento;1,80%
BANCO C6 BANK;INSS;210150 - INSS ML Normal - Web (Rep.Legal);210150;Margem Livre (Novo);1,80%
BANCO C6 BANK;INSS;210138 - INSS ML Normal - Web;210138;Margem Livre (Novo);1,80%
BANCO C6 BANK;INSS;250109 - INSS Refin 3 - Web;250109;Refinanciamento;1,75%
BANCO C6 BANK;INSS;210180 - INSS ML Normal - Web;210180;Margem Livre (Novo);1,85%
BANCO C6 BANK;INSS;210184 - INSS ML Normal - Web (Rep.Legal);210184;Margem Livre (Novo);1,85%
BANCO C6 BANK;INSS;220056 - INSS Refin 1 - Web;220056;Refinanciamento;1,85%
BANCO C6 BANK;INSS;210181 - INSS ML Normal - Web LOAS 88;210181;Margem Livre (Novo);1,85%
BANCO C6 BANK;INSS;210182 - INSS ML Normal - Web Plus;210182;Margem Livre (Novo);1,85%
BANCO C6 BANK;INSS;230022 - INSS Port Tx1,850 ~ 1,65 Normal - Web;230022;Refinanciamento da Portabilidade;1,74%
BANCO C6 BANK;INSS;220057 - INSS Refin 2 - Web;220057;Refinanciamento;1,83%
BANCO C6 BANK;INSS;220058 - INSS Refin 3 - Web;220058;Refinanciamento;1,80%
BANCO C6 BANK;INSS;230026 - INSS Port Tx1,679 ~ 1,400 Flex2 - Web;230026;Refinanciamento da Portabilidade;1,55%
BANCO C6 BANK;INSS;240136 - INSS RfnPort Tx1,709%~1,680% Flex3-Web;240136;Refinanciamento da Portabilidade;1,69%
BANCO C6 BANK;INSS;230026 - INSS Port Tx1,679 ~ 1,400 Flex2 - Web;230026;Refinanciamento da Portabilidade;1,54%
BANCO C6 BANK;INSS;240137 - INSS RfnPort Tx1,679%~1,640% Flex4-Web;240137;Refinanciamento da Portabilidade;1,65%
BANCO C6 BANK;INSS;230026 - INSS Port Tx1,679 ~ 1,400 Flex2 - Web;230026;Refinanciamento da Portabilidade;1,62%
BANCO C6 BANK;INSS;240137 - INSS RfnPort Tx1,679%~1,640% Flex4-Web;240137;Refinanciamento da Portabilidade;1,68%
BANCO C6 BANK;INSS;240134 - INSS RfnPort Tx1,779%~1,740% Flex1-Web;240134;Refinanciamento da Portabilidade;1,78%
BANCO C6 BANK;INSS;230026 - INSS Port Tx1,679 ~ 1,350 Flex2 - Web;230026;Refinanciamento da Portabilidade;1,61%
BANCO C6 BANK;INSS;240136 - INSS RfnPort Tx1,699%~1,650% Flex3-Web;240136;Refinanciamento da Portabilidade;1,67%
BANCO C6 BANK;INSS;230026 - INSS Port Tx1,679 ~ 1,350 Flex2 - Web;230026;Refinanciamento da Portabilidade;1,56%
BANCO C6 BANK;INSS;240137 - INSS RfnPort Tx1,649%~1,600% Flex4-Web;240137;Refinanciamento da Portabilidade;1,64%
BANCO C6 BANK;INSS;230025 - INSS Port Tx1,749 ~ 1,680 Flex1 - Web;230025;Refinanciamento da Portabilidade;1,75%
BANCO C6 BANK;INSS;240133 - INSS RfnPort Tx1,850%~1,780% Normal-Web;240133;Refinanciamento da Portabilidade;1,85%
BANCO C6 BANK;INSS;230024 - INSS Port Tx1,850 ~ 1,75 Normal - Web;230024;Refinanciamento da Portabilidade;1,85%
BANCO C6 BANK;INSS;230026 - INSS Port Tx1,679 ~ 1,350 Flex2 - Web;230026;Refinanciamento da Portabilidade;1,68%
BANCO C6 BANK;INSS;240135 - INSS RfnPort Tx1,739%~1,700% Flex2-Web;240135;Refinanciamento da Portabilidade;1,73%
BANCO C6 BANK;INSS;230026 - INSS Port Tx1,679 ~ 1,350 Flex2 - Web;230026;Refinanciamento da Portabilidade;1,64%
BANCO C6 BANK;INSS;240136 - INSS RfnPort Tx1,699%~1,650% Flex3-Web;240136;Refinanciamento da Portabilidade;1,70%
BANCO C6 BANK;INSS;230025 - INSS Port Tx1,749 ~ 1,680 Flex1 - Web;230025;Refinanciamento da Portabilidade;1,74%
BANCO C6 BANK;INSS;240134 - INSS RfnPort Tx1,779%~1,740% Flex1-Web;240134;Refinanciamento da Portabilidade;1,76%
BANCO C6 BANK;INSS;240135 - INSS RfnPort Tx1,739%~1,700% Flex2-Web;240135;Refinanciamento da Portabilidade;1,70%
BANCO C6 BANK;INSS;230026 - INSS Port Tx1,679 ~ 1,350 Flex2 - Web;230026;Refinanciamento da Portabilidade;1,66%
BANCO C6 BANK;INSS;240135 - INSS RfnPort Tx1,739%~1,700% Flex2-Web;240135;Refinanciamento da Portabilidade;1,71%
BANCO C6 BANK;INSS;240137 - INSS RfnPort Tx1,649%~1,600% Flex4-Web;240137;Refinanciamento da Portabilidade;1,65%
BANCO C6 BANK;INSS;230026 - INSS Port Tx1,679 ~ 1,350 Flex2 - Web;230026;Refinanciamento da Portabilidade;1,52%
BANCO C6 BANK;INSS;240137 - INSS RfnPort Tx1,649%~1,600% Flex4-Web;240137;Refinanciamento da Portabilidade;1,61%
BANCO C6 BANK;INSS;230026 - INSS Port Tx1,679 ~ 1,350 Flex2 - Web;230026;Refinanciamento da Portabilidade;1,59%
BANCO C6 BANK;INSS;230026 - INSS Port Tx1,679 ~ 1,350 Flex2 - Web;230026;Refinanciamento da Portabilidade;1,44%
BANCO C6 BANK;INSS;240153 - INSS RfnPort Tx1,599%~1,550% Flex5-Web;240153;Refinanciamento da Portabilidade;1,58%
BANCO C6 BANK;INSS;230026 - INSS Port Tx1,679 ~ 1,350 Flex2 - Web;230026;Refinanciamento da Portabilidade;1,45%
BANCO C6 BANK;INSS;240153 - INSS RfnPort Tx1,599%~1,550% Flex5-Web;240153;Refinanciamento da Portabilidade;1,57%
BANCO C6 BANK;INSS;230026 - INSS Port Tx1,679 ~ 1,350 Flex2 - Web;230026;Refinanciamento da Portabilidade;1,58%
BANCO C6 BANK;INSS;240134 - INSS RfnPort Tx1,779%~1,740% Flex1-Web;240134;Refinanciamento da Portabilidade;1,77%
BANCO C6 BANK;INSS;230026 - INSS Port Tx1,679 ~ 1,350 Flex2 - Web;230026;Refinanciamento da Portabilidade;1,62%
BANCO C6 BANK;INSS;240136 - INSS RfnPort Tx1,699%~1,650% Flex3-Web;240136;Refinanciamento da Portabilidade;1,68%
BANCO C6 BANK;INSS;230026 - INSS Port Tx1,679 ~ 1,350 Flex2 - Web;230026;Refinanciamento da Portabilidade;1,41%
BANCO C6 BANK;INSS;240153 - INSS RfnPort Tx1,599%~1,550% Flex5-Web;240153;Refinanciamento da Portabilidade;1,56%
BANCO C6 BANK;INSS;230026 - INSS Port Tx1,679 ~ 1,350 Flex2 - Web;230026;Refinanciamento da Portabilidade;1,55%
BANCO C6 BANK;INSS;230026 - INSS Port Tx1,679 ~ 1,350 Flex2 - Web;230026;Refinanciamento da Portabilidade;1,48%
BANCO C6 BANK;INSS;240153 - INSS RfnPort Tx1,599%~1,550% Flex5-Web;240153;Refinanciamento da Portabilidade;1,60%
BANCO C6 BANK;INSS;230026 - INSS Port Tx1,679 ~ 1,350 Flex2 - Web;230026;Refinanciamento da Portabilidade;1,65%
BANCO C6 BANK;INSS;240136 - INSS RfnPort Tx1,699%~1,650% Flex3-Web;240136;Refinanciamento da Portabilidade;1,69%
BANCO C6 BANK;INSS;230026 - INSS Port Tx1,679 ~ 1,350 Flex2 - Web;230026;Refinanciamento da Portabilidade;1,46%
BANCO C6 BANK;INSS;230026 - INSS Port Tx1,679 ~ 1,350 Flex2 - Web;230026;Refinanciamento da Portabilidade;1,67%
BANCO C6 BANK;INSS;240133 - INSS RfnPort Tx1,850%~1,780% Normal-Web;240133;Refinanciamento da Portabilidade;1,78%
BANCO C6 BANK;INSS;230025 - INSS Port Tx1,749 ~ 1,680 Flex1 - Web;230025;Refinanciamento da Portabilidade;1,69%
QUALIBANKING;INSS;000090 Entrante Max 96x 1,80%;90;Margem Livre (Novo);1,85%
QUALIBANKING;INSS;000103 Novo Max 96x 1,85%;103;Margem Livre (Novo);1,85%
QUALIBANKING;INSS;000108 Entrante Sem Seguro 96x 1,85%;108;Margem Livre (Novo);1,85%
QUALIBANKING;INSS;000099 Entrante Max 96x 1,85%;99;Margem Livre (Novo);1,85%
QUALIBANKING;INSS;000104 Novo Plus 96x 1,85%;104;Margem Livre (Novo);1,85%
QUALIBANKING;INSS;000097 Loas 88 Entrante Max 96x 1,85%;97;Margem Livre (Novo);1,85%
QUALIBANKING;INSS;000102 Entrante Basic 96x 1,85%;102;Margem Livre (Novo);1,85%
QUALIBANKING;INSS;000101 Entrante Plus 96x 1,85%;101;Margem Livre (Novo);1,85%
QUALIBANKING;INSS;000105 Novo Basic 96x 1,85%;105;Margem Livre (Novo);1,85%
QUALIBANKING;INSS;000087 Novo Max 96x 1,80%;87;Margem Livre (Novo);1,85%
QUALIBANKING;INSS;000088 Entrante Basic 96x 1,80%;88;Margem Livre (Novo);1,85%
BANCO DAYCOVAL;EDUCACAO;PREF BAURU 1 DIG;231880;Margem Livre (Novo);2,23%
BANCO DAYCOVAL;INSS;RFN - INSS 4 AOL DIG;803463;Refinanciamento;1,70%
BANCO DAYCOVAL;INSS;RFN - INSS 5 AOL DIG;803464;Refinanciamento;1,65%
BANCO DAYCOVAL;INSS;RFN - INSS 3 AOL DIG;803462;Refinanciamento;1,75%
BANCO DAYCOVAL;INSS;RFN - INSS AOL DIG ESP 32/92;803115;Refinanciamento;1,85%
BANCO DAYCOVAL;INSS;RFN - INSS 1 AOL DIG;803459;Refinanciamento;1,85%
BANCO DAYCOVAL;INSS;INSS 4 DIG AOL;801307;Margem Livre (Novo);1,67%
BANCO DAYCOVAL;SPPREV;GOV SP - SPPREV 1 - AOL DIG;821121;Margem Livre (Novo);2,39%
BANCO DAYCOVAL;INSS;INSS PORTAB 3 TABELAO DIG AOL;804142;Portabilidade + Refin;1,43%
BANCO DAYCOVAL;INSS;RFN - INSS 5 PORTAB DIG AOL;805994;Refinanciamento da Portabilidade;1,71%
BANCO DAYCOVAL;INSS;RFN - INSS 6 PORTAB DIG AOL;805995;Refinanciamento da Portabilidade;1,68%
BANCO DAYCOVAL;INSS;RFN - INSS 2 PORTAB DIG AOL;805991;Refinanciamento da Portabilidade;1,80%
BANCO DAYCOVAL;SPPREV;RFN - GOV SP - SPPREV 3 AOL DIG;823123;Refinanciamento;2,14%
BANCO DAYCOVAL;SPPREV;RFN - GOV SP - SPPREV 2 AOL DIG;823122;Refinanciamento;2,24%
BANCO DAYCOVAL;INSS;RFN - INSS 3 PORTAB DIG AOL;805992;Refinanciamento da Portabilidade;1,77%
BANCO DAYCOVAL;INSS;RFN - INSS 4 PORTAB DIG AOL;805993;Refinanciamento da Portabilidade;1,74%
BANCO DAYCOVAL;SPPREV;RFN - GOV SP - SPPREV 4 AOL DIG;823124;Refinanciamento;2,04%
BANCO DAYCOVAL;INSS;INSS PORTAB 2 TABELAO DIG AOL;804141;Portabilidade + Refin;1,43%
BANCO DAYCOVAL;INSS;INSS PORTAB 4 TABELAO DIG AOL;804143;Portabilidade + Refin;1,43%
BANCO DAYCOVAL;INSS;INSS PORTAB 5 TABELAO DIG AOL;804144;Portabilidade + Refin;1,43%
BANCO DAYCOVAL;INSS;INSS PORTAB 6 TABELAO DIG AOL;804145;Portabilidade + Refin;1,43%
BANCO DAYCOVAL;INSS;RFN - INSS AOL DIG LOAS 87;803587;Refinanciamento;1,85%
BANCO DAYCOVAL;FUNPREV BAURU M;FUNPREV BAURU 1 DIG;231863;Margem Livre (Novo);2,22%
BANCO DAYCOVAL;SEFAZ;GOV SP - SEC EDUCACAO 1 DIG;711081;Margem Livre (Novo);2,79%
BANCO DAYCOVAL;MIN SAUDE;MRG SIAPE PEN DIG  1 - AOL;812200;Margem Livre (Novo);1,78%
BANCO DAYCOVAL;INSS;INSS PORTAB 7 TABELAO DIG AOL;804146;Portabilidade + Refin;1,43%
BANCO DAYCOVAL;PMESP;GOV SP - PM 3 - AOL DIG;801582;Margem Livre (Novo);2,19%
BANCO DAYCOVAL;SEMEL;PREF BAURU 2 DIG;231881;Margem Livre (Novo);2,17%
BANCO DAYCOVAL;INSS;RFN - INSS 7 PORTAB DIG AOL;805996;Refinanciamento da Portabilidade;1,66%
BANCO DAYCOVAL;OBRAS;PREF BAURU 1 DIG;231880;Margem Livre (Novo);2,23%
BANCO DAYCOVAL;CULTURA;PREF BAURU 1 DIG;231880;Margem Livre (Novo);2,23%
BANCO DAYCOVAL;SPPREV;GOV SP - SPPREV 2 - AOL DIG;821122;Margem Livre (Novo);2,29%
BANCO DAYCOVAL;SPPREV;RFN - GOV SP - SPPREV 5 AOL DIG;823125;Refinanciamento;1,97%
BANCO DAYCOVAL;SAUDE;PREF BAURU 1 DIG;231880;Margem Livre (Novo);2,23%
BANCO DAYCOVAL;PMESP;GOV SP - PM 1 - AOL DIG;801572;Margem Livre (Novo);2,39%
BANCO DAYCOVAL CARD;INSS;INSS - SO CART�O#INATIVO#;701001044;Saque Complementar C/ Cart�o;2,46%
BANCO DAYCOVAL CARD;INSS;INSS - PRE SAQUE #INATIVO#;701001033;Saque Complementar C/ Cart�o;2,46%
BANCO DAYCOVAL CARD;INSS;CARTAO BENEFICIO - INSS - PRE SAQUE#INATIVO#;601001002;Saque Complementar C/ Cart�o;2,46%
BANCO DAYCOVAL CARD;SIAPE FEDERAL;SIAPE - PRE SAQUE;749002008;Ativa��o - Pr� Saque;2,46%
BANCO DAYCOVAL CARD;GOV. SAO PAULO;GOV SP PRE SAQUE;751001012;Rentabilidade;2,46%
BANCO DAYCOVAL CARD;INSS;INSS � BENEFICIO 88 - SO CART�O#INATIVO#;701001056;Saque Complementar C/ Cart�o;2,46%
BANCO DAYCOVAL CARD;INSS;CARTAO BENEFICIO - INSS � BENEF 87 - PRE SAQUE;601001016;Ativa��o - Pr� Saque;2,46%
BANCO DAYCOVAL CARD;GOV. SAO PAULO CART�O BENEFICIO;CARTAO BENEFICIO - GOV SP - PRE SAQUE;600001002;Saque Complementar C/ Cart�o;2,46%
BANCO VCTEX;FGTS;Tabela Vamo Com Tudo;TabelaVamoComTudo;Margem Livre (Novo);1,83%
BANCO VCTEX;FGTS;Tabela Vamo com tudo com Seguro;TabelaVamoComTudoComSeg;Margem Livre (Novo);1,83%
BANCO VCTEX;FGTS;Tabela Exponencial;TabelaExponencial;Margem Livre (Novo);1,83%
BANCO VCTEX;FGTS;Tabela Relax;TabelaRelax;Margem Livre (Novo);1,83%
BANCO VCTEX;FGTS;Tabela VCT;TabelaVCT;Margem Livre (Novo);1,83%
BANCO VCTEX;FGTS;Tabela EXP;TabelaEXP;Margem Livre (Novo);1,83%
BANCO DIGIO S.A.;INSS;PORT+REFIN VINCULADO-1-96X-1,39 A 1,85-T;2035;Portabilidade;1,39%
BANCO DIGIO S.A.;INSS;REFIN DA PORT VINCULADO-96X-1,75 A 1,85-;2036;Refinanciamento da Portabilidade;1,75%
BANCO DIGIO S.A.;INSS;REFIN DA PORT POS-96X-1,65 A 1,85-TKT 17;1962;Refinanciamento da Portabilidade;1,65%
BANCO DIGIO S.A.;INSS;REFIN-96X-1,60-TKT 1000;1718;Refinanciamento;2,00%
BANCO DIGIO S.A.;INSS;REFIN-96X-1,55-TKT 1000;1719;Refinanciamento;2,00%
BANCO DIGIO S.A.;INSS;REFIN-96X-1,65-TKT 1000;1717;Refinanciamento;2,00%
BANCO DIGIO S.A.;PREF. DE AGUDOS - SP;MARGEM LIVRE-72 A 120X-2,10-TKT 1000;2055;Margem Livre (Novo);2,00%
BANCO DIGIO S.A.;INSS;REFIN-96X-1,50-TKT 1000;1720;Refinanciamento;2,00%
BANCO DIGIO S.A.;INSS;REFIN-96X-1,85-TKT 1000;2264;Refinanciamento;2,00%
BANCO DIGIO S.A.;INSS;REFIN-96X-1,75-TKT 1000;1716;Refinanciamento;2,00%
BANCO DIGIO S.A.;INSS;REFIN-96X-1,80-TKT 1000;1715;Refinanciamento;2,00%
BANCO DIGIO S.A.;PREF. DE BAURU;MARGEM LIVRE-120X-1,75-TKT 2000;2456;Margem Livre (Novo);2,00%
BANCO DIGIO S.A.;PREF. DE BAURU;REFIN-48 A 120X-2,00-TKT 2000;2457;Refinanciamento da Portabilidade;2,00%
BANCO DIGIO S.A.;PREF. DE LINS - SP;MARGEM LIVRE-48 A 120X-2,30-TKT 1000;1584;Margem Livre (Novo);2,00%
BANCO DIGIO S.A.;PREF. DE BAURU;MARGEM LIVRE-48 A 120X-2,15-TKT 2000;2452;Margem Livre (Novo);2,00%
BANCO DIGIO S.A.;INSS;MARGEM LIVRE-96X-1,85-TKT 1200;2262;Margem Livre (Novo);2,00%
BANCO PAULISTA;INSS;INSS DIGITAL - APOSENTADO - REFIN;2056;Refinanciamento;1,80%
BANCO PAULISTA;INSS;INSS DIGITAL - PENSIONISTA - REFIN;2060;Refinanciamento;1,85%
BANCO PAULISTA;INSS;INSS DIGITAL - APOSENTADO - REFIN;2060;Refinanciamento;1,85%
BANCO QUERO MAIS CREDITO;INSS;INSS_RMC_ QUERO MAIS_LOAS_CCC;4717;Cart�o C/ Saque;0,00%
BANCO QUERO MAIS CREDITO;INSS;INSS CART�O BENEF�CIO_CCC;6636;Cart�o C/ Saque;0,00%
BANCO QUERO MAIS CREDITO;INSS;INSS_RMC_ QUERO MAIS_CCC;6640;Cart�o C/ Saque;0,00%
BANCO QUERO MAIS CREDITO;INSS;INSS CART�O BENEF�CIO_LOAS_CCC;4713;Cart�o C/ Saque;0,00%
BANCO QUERO MAIS CREDITO;INSS;INSS CART�O BENEF�CIO;4623;Cart�o C/ Saque;0,00%
BANCO QUERO MAIS CREDITO;INSS;INSS_RMC_ QUERO MAIS;4627;Cart�o C/ Saque;0,00%
AVERBAI;FGTS;FLEX FGTS;976;Margem Livre (Novo);1,80%
AVERBAI;FGTS; TX 1,80 - INOVACAO;939;Margem Livre (Novo);1,80%
AVERBAI;FGTS; TX 1,80 - NORMAL;632;Margem Livre (Novo);1,80%
AVERBAI;FGTS;FIXO 30;961;Margem Livre (Novo);1,80%
AVERBAI;FGTS; TX 1,80 - OURO;638;Margem Livre (Novo);1,80%
AVERBAI;FGTS; TX 1,80 - SEM TC NOVA;940;Margem Livre (Novo);1,80%
AVERBAI;FGTS;FIXO 25;963;Margem Livre (Novo);1,80%
AVERBAI;FGTS;FIXO 15;949;Margem Livre (Novo);1,80%
AVERBAI;INSS; SEGURO - TX 1,85;992;Margem Livre (Novo);1,85%
AVERBAI;INSS; SEGURO TOP - TX 1,85;998;Margem Livre (Novo);1,85%
AVERBAI;INSS; NORMAL- TX 1,85;991;Margem Livre (Novo);1,85%
AVERBAI;INSS;PORT + REFIN - 1,85;994;Refinanciamento Da Portabilidade;1,85%
AVERBAI;INSS;PORTABILIDADE ENTRADA;945;PORTABILIDADE;1,85%
AVERBAI;FGTS;FIXO 10;948;Margem Livre (Novo);1,80%
AVERBAI;FGTS;FIXO 40;999;Margem Livre (Novo);1,80%
AVERBAI;INSS; SEGURO FLEX - TX 1,85;997;Margem Livre (Novo);1,85%
BANCO TOTALCASH;INSS;INSS - Port/Refin - Tx. 1,85%;TOTALCREFIN185;Portabilidade + Refinanciamento;1,85%
BANCO TOTALCASH;INSS;INSS - Port/Refin - Tx. 1,71%;TOTALCREFIN171;Portabilidade + Refinanciamento;1,71%
BANCO MASTER;INSS;002012 - CREDCESTA INSS - Tx. 2,61%;2012;Cart�o C/ Saque;2,16%
BANCO MASTER;SEFAZ SP - Cart�o Beneficio;001994 - CREDCESTA - SEC DO GOV DE SP;1994;Cart�o C/ Saque;0,00%
BANCO MASTER;INSS;002012 - CREDCESTA INSS - Tx. 2,61%;2012;Cart�o C/ Saque;2,61%
BANCO PRATA DIGITAL;FGTS;Shake de morango - TX 1,80 am;SDM;Margem Livre (Novo);1,80%
BANCO C6 BANK;CR�DITO DO TRABALHADOR;800017 - Trabalhador Seguro 4 Parcela;800017;Margem Livre (Novo);0,00%
BANCO C6 BANK;INSS;240153 - INSS RfnPort Tx1,599%~1,550% Flex5-Web;240153;Refinanciamento da Portabilidade;1,55%
BANCO C6 BANK;INSS;220056 - INSS Refin 1 - Web;220056;Refinanciamento;0,00%
BANCO C6 BANK;INSS;220058 - INSS Refin 3 - Web;220058;Refinanciamento;0,00%
BANCO SANTANDER;PREF. DE AGUDOS - SP;21387 - 810021387 - 1 OFERTA NOVO COM SEGURO;810021387;Margem Livre (Novo);0,00%
QUALIBANKING;INSS;000148 Novo Max 96x 1,85%;148;Margem Livre (Novo);1,85%
BANCO CREFAZ;ENERGIA;D�BITO EM CONTA - FATURA DE ENERGIA - VD (VENDA DIGITAL);ENER;Margem Livre (Novo);0,00%
BANCO CREFAZ;VEICULOS;CP Auto;CPAUTO;Margem Livre (Novo);0,00%
BANCO CREFAZ;ENERGIA;D�BITO EM CONTA - LUZ EM DIA - VD (VENDA DIGITAL);LUZ;Margem Livre (Novo);0,00%
BANCO CREFAZ;CR�DITO DO TRABALHADOR;COMPANHIA SULAMERICANA DE DISTRIBUICAO;CSD;Margem Livre (Novo);0,00%
BANCO CREFAZ;BOLETO;BOLETO - VD (VENDA DIGITAL);BOL;Margem Livre (Novo);0,00%
BANCO VCTEX;INSS;Tabela INSS Exponencial TX 1,85 - com Seguro Hot;TabelaExponencialHot;Margem Livre (Novo);1,85%
BANCO C6 BANK;CR�DITO DO TRABALHADOR;800015 - Trabalhador Sem Seguro;800015;Margem Livre (Novo);0,00%
BANCO C6 BANK;INSS;240137 - INSS RfnPort Tx1,649%~1,600% Flex4-Web;240137;Refinanciamento da Portabilidade;1,60%
QUALIBANKING;INSS;000098 Loas 88 Entrante Plus 96x 1,85%;98;Margem Livre (Novo);1,85%
QUALIBANKING;INSS;000146 Entrante Max 96x 1,85%;146;Margem Livre (Novo);1,85%
QUALIBANKING;INSS;000158 Portabilidade + Refinanciamento 1,75% 96x;158;Refinanciamento da Portabilidade;1,85%
QUALIBANKING;INSS;000158 Portabilidade + Refinanciamento 1,75% 96x;158;Portabilidade + Refinanciamento;1,85%
BANCO VCTEX;FGTS;Tabela Exponencial;TabelaEXP;Margem Livre (Novo);1,83%
QUALIBANKING;INSS;000109 Novo Sem Seguro 96x 1,85%;109;Margem Livre (Novo);1,85%
BRB - CR�DITO, FINANCIAMENTO E INVESTIMENTO;INSS;INSSDIG21 (Normal e LOAS) Tx. 1,79%;DIG21;Refinanciamento da Portabilidade;1,79%
BRB - CR�DITO, FINANCIAMENTO E INVESTIMENTO;INSS;INSSDIG103 (Normal e LOAS) Tx. 1,85%;DIG103;Portabilidade + Refin;1,85%
BRB - CR�DITO, FINANCIAMENTO E INVESTIMENTO;INSS;INSSDIG102 (Normal e LOAS) Tx. 1,85%;DIG102;Refinanciamento da Portabilidade;1,85%
BRB - CR�DITO, FINANCIAMENTO E INVESTIMENTO;INSS;INSSDIG3 (Normal e LOAS) Tx. 1,79%;DIG3;Portabilidade + Refin;1,79%
BRB - CR�DITO, FINANCIAMENTO E INVESTIMENTO;INSS;BRB | NOVO - INSS | Tx. 1,80%;BRBNOVO180;Margem Livre (Novo);1,80%
BRB - CR�DITO, FINANCIAMENTO E INVESTIMENTO;INSS;INSSDIG27 (Normal e LOAS) - Tx. 1,85%;DIG27;Margem Livre (Novo);1,85%
BANCO DAYCOVAL;TJ SERVIDORES;TJ SP 1 MAGISTRADO AOL DIG;821116;Margem Livre (Novo);2,13%
BANCO DAYCOVAL;LOAS;INSS DIG AOL LOAS 87;801487;Margem Livre (Novo);1,85%
BANCO DAYCOVAL;SEDECON;PREF BAURU 1 DIG;231880;Margem Livre (Novo);2,23%
BANCO DIGIO S.A.;INSS;REFIN-96X-1,80-TKT 1000;1715;Refinanciamento;1,80%
BANCO DIGIO S.A.;INSS;REFIN-96X-1,85-TKT 1000;2264;Refinanciamento;1,85%
BANCO DIGIO S.A.;PREF JABOTICABA;MARGEM LIVRE-36 A 96X-2,20-TKT 1000;1522;Margem Livre (Novo);2,20%
BANCO DIGIO S.A.;PREF JABOTICABA;MARGEM LIVRE-120X-2,20-TKT 1000;1523;Margem Livre (Novo);2,20%
BANCO DIGIO S.A.;INSS;REFIN-96X-1,50-TKT 1000;1720;Refinanciamento;1,50%
BANCO DIGIO S.A.;INSS;REFIN-96X-1,65-TKT 1000;1717;Refinanciamento;1,65%
BRB - CR�DITO, FINANCIAMENTO E INVESTIMENTO;INSS;INSSDIG102 (Normal e LOAS) Tx. 1,85%;DIG103;Portabilidade + Refin;1,85%
BANCO TOTALCASH;INSS;INSS - Port/Refin - Tx. 1,80% - Com Seguro;TCREFINPORT180SEG;Portabilidade + Refinanciamento;1,80%
BANCO TOTALCASH;INSS;INSS - Port/Refin - Tx. 1,85% - Com Seguro;TCREFINPORT185SEG;Portabilidade + Refinanciamento;1,85%
BANCO VCTEX;FGTS;Tabela EXP;TabelaExponencial;Margem Livre (Novo);1,83%
BANCO C6 BANK;FGTS;610001 - FGTS NORMAL WEB;610001;Margem Livre (Novo);1,79%
BANCO C6 BANK;INSS;230026 - INSS Port Tx1,679 ~ 1,350 Flex2 - Web;230026;Refinanciamento da Portabilidade;1,35%
BRB - CR�DITO, FINANCIAMENTO E INVESTIMENTO;INSS;INSSDIG102 (Normal e LOAS) Tx. 1,85%;DIG102;Refinanciamento;1,85%
BRB - CR�DITO, FINANCIAMENTO E INVESTIMENTO;INSS;INSSDIG103 (Normal e LOAS) Tx. 1,85%;DIG103;Portabilidade e Refinanciamento;1,85%
BRB - CR�DITO, FINANCIAMENTO E INVESTIMENTO;INSS;INSSDIG102 (Normal e LOAS) Tx. 1,85%;DIG27;Margem Livre (Novo);1,85%
BANCO DIGIO S.A.;INSS;REFIN-96X-1,55-TKT 1000;1719;Refinanciamento;1,85%
BANCO PAN;PROPOSTA CARTAO - INSS;INSS_CARTAO;888700;Cart�o C/ Saque;0,00%
BANCO PAN;PROPOSTA CARTAO;GOV_SP_BENEFICIO_CARTAO;888533;Cart�o C/ Saque;0,00%
BANCO PAN;PROPOSTA CARTAO;INSS_BENEFICIO_CARTAO;888543;Cart�o C/ Saque;0,00%
BANCO PAN;INSS;INSS_RFN_NORMAL_SEG_PLUS_5;704154;Refinanciamento;1,85%
BANCO PAN;INSS;INSS_PAN13_FLEX1_SEG_PLUS_5;704151;Refinanciamento;1,77%
BANCO PAN;FGTS;FGTS_CORBAN_FLEX4;900009;Margem Livre (Novo);1,59%
BANCO PAN;INSS;INSS_RFN_LOAS_FLEX1_SEG_PLUS_5;704163;Refinanciamento;1,75%
BANCO PAN;FGTS;FGTS_CORBAN;900001;Margem Livre (Novo);1,79%
BANCO PAN;PUBLICO- NOVO;SPPREV_NOV_NORMAL;487001;Margem Livre (Novo);2,50%
BANCO PAN;FGTS;FGTS_CORBAN_FLEX3;900008;Margem Livre (Novo);1,64%
BANCO PAN;INSS;INSS_RFN_FLEX1_SEG_PLUS_4;704156;Refinanciamento;1,75%
BANCO PAN;PUBLICO- NOVO;GOV_SP_NOV_NORMAL;485001;Margem Livre (Novo);2,85%
BANCO PAN;INSS;INSS_NOV_NORMAL_A_SEG_PLUS_5;704139;Margem Livre (Novo);1,85%
BANCO TOTALCASH;INSS;INSS - Port/Refin - Tx. 1,71%;TCREFINPORT171SEG;Portabilidade + Refinanciamento;1,71%
BRB - CR�DITO, FINANCIAMENTO E INVESTIMENTO;INSS;INSSDIG27 (Normal e LOAS) - Tx. 1,85%;DIG103;Portabilidade + Refin;1,85%
BANCO C6 BANK;INSS;240136 - INSS RfnPort Tx1,699%~1,650% Flex3-Web;240136;Refinanciamento da Portabilidade;1,65%
BANCO DAYCOVAL;INSS;RFN - INSS 5 AOL DIG;803464;Refinanciamento;1,70%
BANCO DAYCOVAL;INSS;RFN - INSS AOL DIG LOAS 88;803588;Refinanciamento;1,85%
BANCO DAYCOVAL;ADMINISTRACAO;PREF BAURU 2 DIG;231881;Margem Livre (Novo);2,17%
BANCO DAYCOVAL;LOAS;INSS DIG AOL LOAS 88;801488;Margem Livre (Novo);1,85%
BANCO SANTANDER;PREF. DE LINS - SP;35819 - 810035819 - 1 OFERTA NOVO COM SEGURO;810035819;Margem Livre (Novo);0,00%
BANCO SANTANDER;PREF. DE AGUDOS - SP;21387 - 82721387 - 1 OFERTA REFIN COM SEGURO;82721387;Refinanciamento;0,00%
BANCO C6 BANK;INSS;240153 - INSS RfnPort Tx1,599%~1,550% Flex5-Web;240153;Refinanciamento da Portabilidade;1,59%
BANCO MERCANTIL DO BRASIL;FGTS;MERCANTIL FINANC-DIGITAL ANTECIP FGTS NORMAL;13728077;Margem Livre (Novo);1,80%
BANCO MERCANTIL DO BRASIL;CR�DITO PRIVADO;BMB - DIGITAL - INSS CREDITO PESSOAL;CREDPESSOALMERC;Margem Livre (Novo);0,00%
BANCO DIGIO S.A.;INSS;PORT+REFIN VINCULADO-1-96X-1,39 A 1,85-T;2035;Refinanciamento;1,85%
AVERBAI;FGTS;FIXO 20;996;Margem Livre (Novo);1,80%
BANCO C6 BANK;CR�DITO DO TRABALHADOR;800016 - Trabalhador Seguro 2 Parcela;800016;Margem Livre (Novo);0,00%
BANCO C6 BANK;INSS;230024 - INSS Port Tx1,850 ~ 1,75 Normal - Web;230024;Refinanciamento da Portabilidade;1,75%
BANCO PAN;PUBLICO- NOVO;GOV_SP_NOV_FLEX1;485076;Margem Livre (Novo);2,75%
BANCO PAULISTA;INSS;INSS DIGITAL - APOSENTADO - NOVO;2060;Refinanciamento;1,85%
BANCO QUERO MAIS CREDITO;SIAPE BENEF�CIO;SIAPE_CB_QUERO MAIS_CCC;4964;Cart�o C/ Saque;0,00%
BANCO TOTALCASH;INSS;INSS - Margem Livre - Tx. 1,85% - Com Seguro;TOTALCNOVOSEG185;Margem Livre (Novo);1,85%
QUALIBANKING;INSS;000154 PORTABILIDADE + REFINANCIAMENTO 1,66% 96X SEM SEGURO;154;Margem Livre (Novo);1,66%
BANCO DAYCOVAL;INSS;INSS 1 DIG AOL;801300;Margem Livre (Novo);1,85%
BANCO DIGIO S.A.;PREFEITURA�DE�B;MARGEM LIVRE-96 A 120X-2,05-TKT 2000;2453;Margem Livre (Novo);2,05%
BANCO DIGIO S.A.;PREF. DE AGUDOS - SP;MARGEM LIVRE-60X-2,20-TKT 1000;2054;Margem Livre (Novo);2,20%
BANCO PAN;INSS;INSS_NOV_NORMAL_A_SEG_PLUS_5;704139;Margem Livre (Novo);1,80%
BANCO PAN;FUNDO DO REGIME GERAL DE PREVID SOCIAL;INSS_BENEFICIO_CARTAO;888543;Cart�o C/ Saque;0,00%
FACTA FINANCEIRA;INSS;60526 - INSS Port CIP NORMAL PN-S;60526;Portabilidade + Refin;0,00%
FACTA FINANCEIRA;INSS;60550 - INSS CIP Refin Gold PN-S;60550;Refinanciamento da Portabilidade;0,00%
FACTA FINANCEIRA;INSS;60224 - INSS Novo Smart C Ticket 18Mil PN-S;60224;Margem Livre (Novo);0,00%
FACTA FINANCEIRA;CR�DITO DO TRABALHADOR;61298 - CLT NOVO GOLD PN-S;61298;Margem Livre (Novo);0,00%
FACTA FINANCEIRA;CR�DITO DO TRABALHADOR;61298 - CLT NOVO GOLD PN-S;61298;Margem Livre (Novo);0,00%
FACTA FINANCEIRA;CR�DITO DO TRABALHADOR;61298 - CLT NOVO GOLD PN-S;61298;Margem Livre (Novo);0,00%
BANCO C6 BANK;INSS;230025 - INSS Port Tx1,749 ~ 1,680 Flex1 - Web;230025;Refinanciamento da Portabilidade;1,68%
BANCO TOTALCASH;INSS;INSS - Port/Refin - Tx. 1,80% - Com Seguro;TCREFINPORT185SEG;Portabilidade + Refinanciamento;1,75%
BANCO DAYCOVAL;SEFAZ - AOL;GOV SP - SEFAZ 1 AOL DIG;811100;Margem Livre (Novo);2,39%
BANCO PAN;INSS;INSS_CARTAO;888700;Saque Complementar C/ Cart�o;0,00%
BANCO PAN;SAO PAULO PREVIDENCIA SPPREV;SPPREV_NOV_NORMAL;487001;Margem Livre (Novo);2,50%
BANCO PAN;CR�DITO DO TRABALHADOR;CONSIG_PRIVADO_NOV_NORMAL_A_;577001;Margem Livre (Novo);3,44%
BANCO PAN;INSS;INSS_CARTAO;888700;Cart�o C/ Saque;0,00%
BANCO PAN;CR�DITO DO TRABALHADOR;CONSIG_PRIVADO_NOV_NORMAL_G_;577007;Margem Livre (Novo);6,21%
BANCO MERCANTIL DO BRASIL;MINISTERIO DO TRABALHO E EMPREGO MTE;NOVO - DIGITAL- CONSIGNADO PRIVADO CORBAN;13728173;Margem Livre (Novo);0,00%
BANCO VCTEX;FGTS;TabelaVamoComTudoComSeg;TabelaVamoComTudoComSeg;Margem Livre (Novo);1,83%
BANCO DIGIO S.A.;INSS;PORT+REFIN VINCULADO-1-96X-1,39 A 1,85-T;2035;Portabilidade +Refin;1,39%
BANCO DIGIO S.A.;INSS;REFIN DA PORT VINCULADO-96X-1,75 A 1,85-;2036;Refinanciamento;1,75%
BANCO DIGIO S.A.;INSS;REFIN-96X-1,60-TKT 1000;1718;Refinanciamento;1,60%
BANCO DIGIO S.A.;PREF. DE AGUDOS - SP;MARGEM LIVRE-72 A 120X-2,10-TKT 1000;2055;Margem Livre (Novo);2,10%
BANCO DAYCOVAL;INSS;INSS PORTAB 5 TABELAO DIG AOL;804144;Refinanciamento da Portabilidade;1,43%
BANCO SANTANDER;PREF. DE AGUDOS - SP;21387 - 82721387 - 1 OFERTA REFIN COM SEGURO;82721387;Margem Livre (Novo);0,00%
BANCO TOTALCASH;INSS;INSS - Port/Refin - Tx. 1,71% - Com Seguro;TCREFINPORT171SEG;Portabilidade + Refinanciamento;1,71%
BANCO DAYCOVAL;INSS;INSS PORTAB 2 TABELAO DIG AOL;804141;Refinanciamento da Portabilidade;1,43%
BANCO DAYCOVAL;INSS;INSS 1 DIG AOL ESP 32/92;801309;Margem Livre (Novo);1,85%
BANCO QUERO MAIS CREDITO;SIAPE CONSIG;SIAPE_CC_MC_QUERO MAIS_CCC;4976;Cart�o C/ Saque;0,00%
BANCO MERCANTIL DO BRASIL;FGTS;MERCANTIL - FGTS - DIGITAL NOVO NORMAL BMF (13728077);13728077;Margem Livre (Novo);1,80%
AVERBAI;INSS; SEGURO TOP - TX 1,85;998;Margem Livre (Novo);1,80%
BANCO C6 BANK;INSS;230024 - INSS Port Tx1,850 ~ 1,75 Normal - Web;230024;Refinanciamento da Portabilidade;0,00%
FACTA FINANCEIRA;CR�DITO DO TRABALHADOR;61387 - CLT NOVO GOLD PN-S;61387;Margem Livre (Novo);0,00%
FACTA FINANCEIRA;FGTS;60119 - FGTS GOLD POWER RB;60119;Margem Livre (Novo);0,00%
FACTA FINANCEIRA;FGTS;63703 - FGTS GOLD FLEX FIDELIZA RB;63703;Margem Livre (Novo);0,00%
FACTA FINANCEIRA;FGTS;60151 - FGTS GOLD PLUS RB;60151;Margem Livre (Novo);0,00%
FACTA FINANCEIRA;FGTS;57886 - FGTS LIGHT RB;57886;Margem Livre (Novo);0,00%
FACTA FINANCEIRA;INSS;61190 - INSS RMC VD - SAQUE COMPL - RB;61190;Margem Livre (Novo);0,00%
FACTA FINANCEIRA;FGTS;53694 - FGTS GOLD PRIME RB;53694;Margem Livre (Novo);0,00%
FACTA FINANCEIRA;FGTS;61115 - FGTS GOLD PREMIUM RB;61115;Margem Livre (Novo);0,00%
BANCO C6 BANK;INSS;210181 - INSS ML Normal - Web LOAS 88;210181;Margem Livre (Novo);0,00%
BANCO C6 BANK;INSS;230026 - INSS Port Tx1,679 ~ 1,350 Flex2 - Web;230026;Refinanciamento da Portabilidade;0,00%
BANCO C6 BANK;INSS;210180 - INSS ML Normal - Web;210180;Margem Livre (Novo);0,00%
BANCO DAYCOVAL;INSS;INSS PORTAB 7 TABELAO DIG AOL;804146;Refinanciamento da Portabilidade;0,00%
BANCO DAYCOVAL;INSS;RFN - INSS 7 PORTAB DIG AOL;805996;Refinanciamento da Portabilidade;0,00%
BANCO DAYCOVAL;INSS;RFN - INSS 2 PORTAB DIG AOL;805991;Refinanciamento da Portabilidade;0,00%
BANCO DAYCOVAL;INSS;RFN - INSS 5 PORTAB DIG AOL;805994;Refinanciamento da Portabilidade;0,00%
BANCO DAYCOVAL;INSS;RFN - INSS 5 AOL DIG;803464;Refinanciamento;0,00%
BANCO DAYCOVAL;INSS;INSS 1 DIG AOL;801300;Margem Livre (Novo);0,00%
BANCO DAYCOVAL;INSS;RFN - INSS AOL DIG ESP 32/92;803115;Refinanciamento;0,00%
FACTA FINANCEIRA;INSS;59161 - INSS Port CIP FLEX 3 PN-S;59161;Portabilidade + Refin;0,00%
FACTA FINANCEIRA;INSS;55638 - Cart�o Benef�cio LOAS GOLD PN-S;55638;Cart�o C/ Saque;0,00%
FACTA FINANCEIRA;FGTS;61379 - FGTS GOLD PREFERENCE RB;61379;Margem Livre (Novo);0,00%
FACTA FINANCEIRA;FGTS;60135 - FGTS GOLD TITANIUM RB;60135;Margem Livre (Novo);0,00%
FACTA FINANCEIRA;CR�DITO DO TRABALHADOR;61336 - Refin Gold PN-LJ;61336;Refinanciamento;0,00%
FACTA FINANCEIRA;INSS;59463 - INSS CIP Refin Gold FLEX 3 PN-S;59463;Refinanciamento da Portabilidade;0,00%
BANCO PAN;FGTS;FGTS_CORBAN;900001;Margem Livre (Novo);1,50%
AVERBAI;INSS;Refinanciamento da Portabilidade;1005;Refinanciamento da Portabilidade;1,80%
BANCO C6 BANK;CR�DITO DO TRABALHADOR;800017 - Trabalhador Seguro 4 Parcela;800017;Margem Livre (Novo);0,00%
BANCO C6 BANK;INSS;220057 - INSS Refin 2 - Web;220057;Refinanciamento;0,00%
BANCO C6 BANK;INSS;240133 - INSS RfnPort Tx1,850%~1,780% Normal-Web;240133;Refinanciamento da Portabilidade;0,00%
BANCO C6 BANK;INSS;240135 - INSS RfnPort Tx1,739%~1,700% Flex2-Web;240135;Refinanciamento da Portabilidade;0,00%
BANCO C6 BANK;INSS;240137 - INSS RfnPort Tx1,649%~1,600% Flex4-Web;240137;Refinanciamento da Portabilidade;0,00%
BANCO C6 BANK;INSS;240153 - INSS RfnPort Tx1,599%~1,550% Flex5-Web;240153;Refinanciamento da Portabilidade;0,00%
BANCO DIGIO S.A.;PREFEITURA�DE�B;MARGEM LIVRE-48 A 120X-2,15-TKT 2000;2452;Margem Livre (Novo);2,15%
BANCO DIGIO S.A.;INSS;REFIN-96X-1,55-TKT 1000;1719;Refinanciamento;1,55%
BANCO DIGIO S.A.;INSS;REFIN DA PORT VINCULADO-96X-1,75 A 1,85-;2036;Refinanciamento;1,85%
BANCO DIGIO S.A.;INSS;PORT+REFIN VINCULADO-1-96X-1,39 A 1,85-T;2035;Portabilidade +Refin;1,85%
AVERBAI;INSS;MARGEM LIVRE (NOVO);992;Margem Livre (Novo);1,85%
AVERBAI;CR�DITO DO TRABALHADOR;CREDITO CLT;1007;Margem Livre (Novo);1,85%
AVERBAI;INSS;Refinanciamento da Portabilidade;1005;Refinanciamento da Portabilidade;1,80%
AVERBAI;INSS;PORT + REFIN - 1,75;1011;PORTABILIDADE + REFIN;1,75%
AVERBAI;INSS;Refin Portabilidade;1016;Refinanciamento Da Portabilidade;1,85%
